route,month,passenger_traffic,average_fare
DEL-BOM,2025-05,850000,4500
DEL-BOM,2025-06,870000,4680
DEL-BOM,2025-07,890000,4860
DEL-BOM,2025-08,910000,5040
DEL-BLR,2025-05,620000,4200
DEL-BLR,2025-06,635000,4368
DEL-BLR,2025-07,650000,4536
DEL-BLR,2025-08,665000,4704
BOM-BLR,2025-05,480000,3800
BOM-BLR,2025-06,490000,3952
BOM-BLR,2025-07,500000,4104
BOM-BLR,2025-08,510000,4256
DEL-CCU,2025-05,320000,4800
DEL-CCU,2025-06,328000,4992
DEL-CCU,2025-07,336000,5184
DEL-CCU,2025-08,344000,5376
BLR-HYD,2025-05,280000,3200
BLR-HYD,2025-06,287000,3328
BLR-HYD,2025-07,294000,3456
BLR-HYD,2025-08,301000,3584
MAA-DEL,2025-05,350000,4600
MAA-DEL,2025-06,357000,4784
MAA-DEL,2025-07,364000,4968
MAA-DEL,2025-08,371000,5152
HYD-DEL,2025-05,310000,4400
HYD-DEL,2025-06,317000,4576
HYD-DEL,2025-07,324000,4752
HYD-DEL,2025-08,331000,4928
BOM-HYD,2025-05,240000,3500
BOM-HYD,2025-06,245000,3640
BOM-HYD,2025-07,250000,3780
BOM-HYD,2025-08,255000,3920
DEL-HYD,2025-05,290000,4300
DEL-HYD,2025-06,296000,4472
DEL-HYD,2025-07,302000,4644
DEL-HYD,2025-08,308000,4816
BLR-MAA,2025-05,220000,2800
BLR-MAA,2025-06,224000,2912
BLR-MAA,2025-07,228000,3024
BLR-MAA,2025-08,232000,3136
